timestamp,host,level,message,Sentiment,Confidence,Keyword_cluster,cluster
2024-12-02 23:00:00,,ERROR,Disk usage is critically high: 11%. Threshold exceeded on volume /dev/sda1.,Negative,0.40970271825790405,server,0
2024-12-02 23:02:00,,INFO,CPU usage is 30%. Threshold not exceeded. System operating normally.,Neutral,0.4213261604309082,server,1
2024-12-02 23:04:00,,INFO,Disk usage is 92%. Disk space within acceptable limits.,Negative,0.3658626973628998,server,2
2024-12-02 23:12:00,,INFO,CPU usage is 16%. Threshold not exceeded. System operating normally.,Neutral,0.4055534899234772,server,1
2024-12-02 23:21:00,,INFO,Kafka operation completed successfully. Processed 1500 records in 2.35 seconds.,Positive,0.7099003195762634,unknown,3
2024-12-02 23:23:00,,ERROR,Kubernetes pod crash detected. Pod ID: kube_pod12345.,Negative,0.5957059860229492,unknown,4
2024-12-02 23:24:00,,INFO,Disk usage is 63%. Disk space within acceptable limits.,Negative,0.3309648633003235,server,2
2024-12-02 23:30:00,,INFO,Disk usage is 27%. Disk space within acceptable limits.,Negative,0.33584049344062805,server,2
2024-12-02 23:38:00,,ERROR,Lambda function execution failed in AWS. Error: Invalid parameters provided.,Negative,0.5555518865585327,aws,5
2024-12-02 23:47:00,,INFO,CPU usage is 36%. Threshold not exceeded. System operating normally.,Neutral,0.40644732117652893,server,1
2024-12-02 23:51:00,,INFO,Task 'task_data_validation' in DAG 'dag_sales_pipeline' completed successfully in 45 seconds.,Positive,0.4948080778121948,airflow,6
2024-12-02 23:58:00,,ERROR,Kubernetes pod crash detected. Pod ID: kube_pod12345.,Negative,0.5957059860229492,unknown,4
2024-12-03 00:04:00,,ERROR,Docker container failed to start for service Airflow. Error log: Container crashed on startup.,Negative,0.7636429667472839,unknown,7
2024-12-03 00:09:00,,ERROR,Task 'task_model_training' in DAG 'dag_data_ingestion' failed after 3 retries. Error: Data validation error in step 2.,Negative,0.4574546813964844,airflow,6
2024-12-03 00:15:00,,INFO,Lambda function executed successfully in AWS. Execution duration: 250ms.,Positive,0.5993630290031433,aws,8
2024-12-03 00:25:00,,INFO,PUT request to /healthcheck succeeded. Response code: 200 OK. Response size: 1.2MB.,Negative,0.2805105745792389,api,9
2024-12-03 00:29:00,,INFO,POST request to /api/v2/transactions succeeded. Response code: 200 OK. Response size: 1.2MB.,Neutral,0.2593095004558563,database,9
2024-12-03 01:00:00,,ERROR,Kubernetes pod crash detected. Pod ID: kube_pod12345.,Negative,0.5957059860229492,unknown,4
2024-12-03 01:01:00,,INFO,Lambda function executed successfully in AWS. Execution duration: 250ms.,Positive,0.5993630290031433,aws,8
2024-12-03 01:10:00,,INFO,Phone number 9988776655 was successfully added to the system.,Positive,0.5713627338409424,unknown,10
2024-12-03 01:12:00,,INFO,Lambda function executed successfully in AWS. Execution duration: 250ms.,Positive,0.5993630290031433,aws,8
2024-12-03 01:22:00,,INFO,Kubernetes operation completed successfully. Processed 1500 records in 2.35 seconds.,Positive,0.722551703453064,unknown,3
2024-12-03 01:26:00,,INFO,Task 'task_api_sync' in DAG 'dag_user_sync' completed successfully in 45 seconds.,Positive,0.4679553210735321,airflow,6
2024-12-03 01:33:00,,INFO,GET request to /api/v2/transactions succeeded. Response code: 200 OK. Response size: 1.2MB.,Neutral,0.2660682201385498,database,9
2024-12-03 01:41:00,,ERROR,Java encountered an issue. Exception: NullPointerException in thread 'main'.,Negative,0.3054761290550232,unknown,11
2024-12-03 01:42:00,,ERROR,Lambda function execution failed in AWS. Error: Invalid parameters provided.,Negative,0.5555518865585327,aws,5
2024-12-03 01:52:00,,INFO,Lambda function executed successfully in AWS. Execution duration: 250ms.,Positive,0.5993630290031433,aws,8
2024-12-03 02:00:00,,ERROR,Docker container failed to start for service Java. Error log: Container crashed on startup.,Negative,0.7422016263008118,unknown,7
2024-12-03 02:01:00,,ERROR,Lambda function execution failed in AWS. Error: Invalid parameters provided.,Negative,0.5555518865585327,aws,5
2024-12-03 02:08:00,,ERROR,PUT request to /admin/dashboard failed. Response code: 500 Internal Server Error. Error details: Missing authentication token.,Negative,0.7472891807556152,api,9
2024-12-03 02:15:00,,INFO,Kubernetes pod scaled up successfully. New replicas: 5.,Positive,0.7399508357048035,unknown,12
2024-12-03 02:24:00,,INFO,Kafka operation completed successfully. Processed 1500 records in 2.35 seconds.,Positive,0.7099003195762634,unknown,3
2024-12-03 02:32:00,,INFO,Azure operation completed successfully. Processed 1500 records in 2.35 seconds.,Positive,0.7276560664176941,unknown,3
2024-12-03 02:41:00,,INFO,Published message to topic 'topic_orders' using Kubernetes. Message delivery confirmed after 10 retries.,Negative,0.4095405340194702,kafka,13
2024-12-03 03:00:00,,INFO,Kafka operation completed successfully. Processed 1500 records in 2.35 seconds.,Positive,0.7099003195762634,unknown,3
2024-12-03 03:04:00,,INFO,Disk usage is 78%. Disk space within acceptable limits.,Negative,0.3393346071243286,server,2
2024-12-03 03:08:00,,ERROR,Docker container failed to start for service Kafka. Error log: Container crashed on startup.,Negative,0.7327998876571655,unknown,7
2024-12-03 03:11:00,,ERROR,Failed to consume message from topic 'topic_users' using Python. Error: TimeoutException after 30 seconds.,Negative,0.6632558703422546,kafka,13
2024-12-03 03:17:00,,INFO,CPU usage is 50%. Threshold not exceeded. System operating normally.,Neutral,0.42701682448387146,server,1
2024-12-03 03:27:00,,ERROR,Lambda function execution failed in AWS. Error: Invalid parameters provided.,Negative,0.5555518865585327,aws,5
2024-12-03 03:32:00,,INFO,Docker operation completed successfully. Processed 1500 records in 2.35 seconds.,Positive,0.7248876094818115,unknown,3
2024-12-03 03:38:00,,INFO,CPU usage is 80%. Threshold not exceeded. System operating normally.,Neutral,0.41695281863212585,server,1
2024-12-03 03:39:00,,INFO,Published message to topic 'topic_events' using Python. Message delivery confirmed after 10 retries.,Negative,0.2831365168094635,kafka,13
2024-12-03 03:42:00,,ERROR,Kubernetes pod crash detected. Pod ID: kube_pod12345.,Negative,0.5957059860229492,unknown,4
2024-12-03 03:50:00,,ERROR,Phone number 9876543210 could not be added due to a duplicate record conflict in the database.,Negative,0.47658878564834595,database,14
2024-12-03 03:57:00,,INFO,Disk usage is 68%. Disk space within acceptable limits.,Negative,0.34927186369895935,server,2
2024-12-03 04:04:00,,INFO,Docker container started successfully for service Python. Container ID: abcd1234efgh5678.,Positive,0.45670321583747864,unknown,7
2024-12-03 04:13:00,,INFO,Docker container started successfully for service Kafka. Container ID: abcd1234efgh5678.,Positive,0.47287309169769287,unknown,7
2024-12-03 04:18:00,,ERROR,Kubernetes pod crash detected. Pod ID: kube_pod12345.,Negative,0.5957059860229492,unknown,4
2024-12-03 04:23:00,,INFO,Kubernetes pod scaled up successfully. New replicas: 5.,Positive,0.7399508357048035,unknown,12
2024-12-03 04:30:00,,INFO,Phone number 9988776655 was successfully added to the system.,Positive,0.5713627338409424,unknown,10
2024-12-03 05:00:00,,ERROR,Docker container failed to start for service Airflow. Error log: Container crashed on startup.,Negative,0.7636429667472839,unknown,7
2024-12-03 05:04:00,,ERROR,CPU usage is critically high: 35%. Immediate action required.,Neutral,0.33898261189460754,server,15
2024-12-03 05:07:00,,ERROR,Failed to consume message from topic 'topic_events' using Airflow. Error: TimeoutException after 30 seconds.,Negative,0.6751669645309448,kafka,13
2024-12-03 05:14:00,,INFO,Disk usage is 85%. Disk space within acceptable limits.,Negative,0.3629157841205597,server,2
2024-12-03 05:22:00,,INFO,Lambda function executed successfully in AWS. Execution duration: 250ms.,Positive,0.5993630290031433,aws,8
2024-12-03 05:27:00,,ERROR,AWS encountered an issue. Exception: NullPointerException in thread 'main'.,Negative,0.3568454384803772,unknown,11
2024-12-03 05:29:00,,INFO,Disk usage is 43%. Disk space within acceptable limits.,Negative,0.3479713797569275,server,2
2024-12-03 05:30:00,,INFO,Python operation completed successfully. Processed 1500 records in 2.35 seconds.,Positive,0.7135714888572693,unknown,3
2024-12-03 05:39:00,,INFO,Phone number 9988776655 was successfully added to the system.,Positive,0.5713627338409424,unknown,10
2024-12-03 05:45:00,,INFO,User user123@domain.org logged in from IP 192.168.0.251. Login duration: 10 minutes.,Negative,0.4475250840187073,logging,16
2024-12-03 05:48:00,,ERROR,Task 'task_etl' in DAG 'dag_model_training' failed after 3 retries. Error: Data validation error in step 2.,Negative,0.4617351293563843,airflow,6
2024-12-03 05:53:00,,INFO,User user123@domain.org logged in from IP 192.168.0.179. Login duration: 10 minutes.,Negative,0.460988312959671,logging,16
2024-12-03 05:56:00,,ERROR,Disk usage is critically high: 51%. Threshold exceeded on volume /dev/sda1.,Negative,0.409199595451355,server,0
2024-12-03 05:59:00,,INFO,Task 'task_etl' in DAG 'dag_data_ingestion' completed successfully in 45 seconds.,Positive,0.4611484706401825,airflow,6
2024-12-03 06:02:00,,INFO,Kubernetes pod scaled up successfully. New replicas: 5.,Positive,0.7399508357048035,unknown,12
2024-12-03 06:08:00,,INFO,Docker container started successfully for service Python. Container ID: abcd1234efgh5678.,Positive,0.45670321583747864,unknown,7
2024-12-03 06:16:00,,ERROR,Phone number 9988776655 could not be added due to a duplicate record conflict in the database.,Negative,0.45775938034057617,database,14
2024-12-03 07:00:00,,INFO,Docker container started successfully for service Docker. Container ID: abcd1234efgh5678.,Positive,0.5142744779586792,unknown,7
2024-12-03 07:06:00,,INFO,POST request to /healthcheck succeeded. Response code: 200 OK. Response size: 1.2MB.,Neutral,0.2605073153972626,unknown,9
2024-12-03 07:14:00,,ERROR,Task 'task_api_sync' in DAG 'dag_data_ingestion' failed after 3 retries. Error: Data validation error in step 2.,Negative,0.4974234104156494,airflow,6
2024-12-03 07:21:00,,INFO,User user123@domain.org logged in from IP 192.168.0.99. Login duration: 10 minutes.,Negative,0.45538657903671265,logging,16
2024-12-03 07:28:00,,INFO,Phone number 9988776655 was successfully added to the system.,Positive,0.5713627338409424,unknown,10
2024-12-03 07:38:00,,INFO,GET request to /api/v1/users succeeded. Response code: 200 OK. Response size: 1.2MB.,Neutral,0.2526327073574066,api,9
2024-12-03 07:40:00,,INFO,Task 'task_api_sync' in DAG 'dag_data_ingestion' completed successfully in 45 seconds.,Positive,0.42206525802612305,airflow,6
2024-12-03 07:45:00,,INFO,Lambda function executed successfully in AWS. Execution duration: 250ms.,Positive,0.5993630290031433,aws,8
2024-12-03 07:55:00,,INFO,Phone number 9876543210 was successfully added to the system.,Positive,0.6177729368209839,unknown,10
2024-12-03 07:58:00,,INFO,Task 'task_model_training' in DAG 'dag_user_sync' completed successfully in 45 seconds.,Positive,0.49825912714004517,airflow,6
2024-12-03 08:04:00,,INFO,Published message to topic 'topic_transactions' using AWS. Message delivery confirmed after 10 retries.,Negative,0.32796308398246765,kafka,13
2024-12-03 08:12:00,,INFO,Airflow operation completed successfully. Processed 1500 records in 2.35 seconds.,Positive,0.7164776921272278,unknown,3
2024-12-03 08:16:00,,ERROR,Kubernetes pod crash detected. Pod ID: kube_pod12345.,Negative,0.5957059860229492,unknown,4
2024-12-03 08:22:00,,ERROR,Failed to consume message from topic 'topic_events' using Kafka. Error: TimeoutException after 30 seconds.,Negative,0.6401713490486145,kafka,13
2024-12-03 08:23:00,,INFO,Azure operation completed successfully. Processed 1500 records in 2.35 seconds.,Positive,0.7276560664176941,unknown,3
2024-12-03 08:26:00,,INFO,Docker container started successfully for service AWS. Container ID: abcd1234efgh5678.,Positive,0.5011991858482361,unknown,7
2024-12-03 08:31:00,,INFO,Docker container started successfully for service AWS. Container ID: abcd1234efgh5678.,Positive,0.5011991858482361,unknown,7
2024-12-03 09:00:00,,INFO,Disk usage is 33%. Disk space within acceptable limits.,Negative,0.33127689361572266,server,2
2024-12-03 09:01:00,,INFO,Lambda function executed successfully in AWS. Execution duration: 250ms.,Positive,0.5993630290031433,aws,8
2024-12-03 09:11:00,,INFO,Airflow operation completed successfully. Processed 1500 records in 2.35 seconds.,Positive,0.7164776921272278,unknown,3
2024-12-03 09:15:00,,ERROR,Task 'task_etl' in DAG 'dag_model_training' failed after 3 retries. Error: Data validation error in step 2.,Negative,0.4617351293563843,airflow,6
2024-12-03 09:18:00,,ERROR,Docker container failed to start for service Airflow. Error log: Container crashed on startup.,Negative,0.7636429667472839,unknown,7
2024-12-03 09:21:00,,ERROR,Phone number 9988776655 could not be added due to a duplicate record conflict in the database.,Negative,0.45775938034057617,database,14
2024-12-03 09:22:00,,INFO,Docker container started successfully for service Kubernetes. Container ID: abcd1234efgh5678.,Positive,0.5086477398872375,unknown,7
2024-12-03 09:24:00,,INFO,CPU usage is 50%. Threshold not exceeded. System operating normally.,Neutral,0.42701682448387146,server,1
2024-12-03 09:32:00,,ERROR,Docker container failed to start for service Azure. Error log: Container crashed on startup.,Negative,0.77044278383255,unknown,7
2024-12-03 09:34:00,,INFO,Docker container started successfully for service Kubernetes. Container ID: abcd1234efgh5678.,Positive,0.5086477398872375,unknown,7
2024-12-03 09:36:00,,INFO,Disk usage is 50%. Disk space within acceptable limits.,Negative,0.30053552985191345,server,2
2024-12-03 09:42:00,,INFO,Kubernetes pod scaled up successfully. New replicas: 5.,Positive,0.7399508357048035,unknown,12
2024-12-03 09:51:00,,ERROR,Lambda function execution failed in AWS. Error: Invalid parameters provided.,Negative,0.5555518865585327,aws,5
2024-12-03 09:59:00,,ERROR,GET request to /api/v1/users failed. Response code: 500 Internal Server Error. Error details: Missing authentication token.,Negative,0.7507590055465698,api,9
2024-12-03 10:02:00,,INFO,Lambda function executed successfully in AWS. Execution duration: 250ms.,Positive,0.5993630290031433,aws,8
2024-12-03 10:12:00,,ERROR,Failed to consume message from topic 'topic_events' using Kubernetes. Error: TimeoutException after 30 seconds.,Negative,0.6667993664741516,kafka,13
2024-12-03 10:17:00,,INFO,Phone number 9123456789 was successfully added to the system.,Positive,0.5815085768699646,unknown,10
2024-12-03 11:00:00,,ERROR,Failed to consume message from topic 'topic_events' using Azure. Error: TimeoutException after 30 seconds.,Negative,0.6818088293075562,kafka,13
2024-12-03 11:10:00,,ERROR,GET request to /api/v1/orders failed. Response code: 500 Internal Server Error. Error details: Missing authentication token.,Negative,0.7382317781448364,api,9
2024-12-03 11:16:00,,ERROR,Disk usage is critically high: 56%. Threshold exceeded on volume /dev/sda1.,Negative,0.4187806248664856,server,0
2024-12-03 11:24:00,,INFO,Task 'task_etl' in DAG 'dag_model_training' completed successfully in 45 seconds.,Positive,0.5462948679924011,airflow,6
2024-12-03 11:27:00,,ERROR,Disk usage is critically high: 13%. Threshold exceeded on volume /dev/sda1.,Negative,0.4374663531780243,server,0
2024-12-03 11:37:00,,INFO,Lambda function executed successfully in AWS. Execution duration: 250ms.,Positive,0.5993630290031433,aws,8
2024-12-03 11:43:00,,INFO,Disk usage is 35%. Disk space within acceptable limits.,Negative,0.32042181491851807,server,2
2024-12-03 11:50:00,,INFO,User user123@domain.org logged in from IP 192.168.0.106. Login duration: 10 minutes.,Negative,0.441139817237854,logging,16
2024-12-03 11:56:00,,INFO,Kubernetes pod scaled up successfully. New replicas: 5.,Positive,0.7399508357048035,unknown,12
2024-12-03 11:57:00,,ERROR,Disk usage is critically high: 21%. Threshold exceeded on volume /dev/sda1.,Negative,0.41337916254997253,server,0
2024-12-03 12:02:00,,ERROR,Disk usage is critically high: 92%. Threshold exceeded on volume /dev/sda1.,Negative,0.4330021142959595,server,0
2024-12-03 12:08:00,,ERROR,Disk usage is critically high: 53%. Threshold exceeded on volume /dev/sda1.,Negative,0.4097626507282257,server,0
2024-12-03 12:10:00,,ERROR,Docker container failed to start for service Kubernetes. Error log: Container crashed on startup.,Negative,0.7467762231826782,unknown,7
2024-12-03 12:11:00,,INFO,User john.doe@example.com logged in from IP 192.168.0.126. Login duration: 10 minutes.,Negative,0.3858337104320526,logging,16
2024-12-03 12:17:00,,INFO,GET request to /api/v1/orders succeeded. Response code: 200 OK. Response size: 1.2MB.,Neutral,0.2563306391239166,api,9
2024-12-03 12:27:00,,ERROR,POST request to /api/v2/transactions failed. Response code: 500 Internal Server Error. Error details: Missing authentication token.,Negative,0.7112203240394592,database,9
2024-12-03 12:32:00,,INFO,Published message to topic 'topic_transactions' using Kubernetes. Message delivery confirmed after 10 retries.,Negative,0.3407844007015228,kafka,13
2024-12-03 13:00:00,,ERROR,Task 'task_etl' in DAG 'dag_user_sync' failed after 3 retries. Error: Data validation error in step 2.,Negative,0.5247730016708374,airflow,6
2024-12-03 13:06:00,,INFO,User john.doe@example.com logged in from IP 192.168.0.88. Login duration: 10 minutes.,Negative,0.39475810527801514,logging,16
2024-12-03 13:16:00,,INFO,DELETE request to /api/v1/orders succeeded. Response code: 200 OK. Response size: 1.2MB.,Negative,0.39620402455329895,api,9
2024-12-03 13:23:00,,INFO,Docker container started successfully for service Kubernetes. Container ID: abcd1234efgh5678.,Positive,0.5086477398872375,unknown,7
2024-12-03 13:25:00,,INFO,Phone number 9876543210 was successfully added to the system.,Positive,0.6177729368209839,unknown,10
2024-12-03 13:28:00,,INFO,Task 'task_model_training' in DAG 'dag_data_ingestion' completed successfully in 45 seconds.,Positive,0.4566805958747864,airflow,6
2024-12-03 13:32:00,,INFO,Kubernetes pod scaled up successfully. New replicas: 5.,Positive,0.7399508357048035,unknown,12
2024-12-03 13:36:00,,INFO,CPU usage is 30%. Threshold not exceeded. System operating normally.,Neutral,0.4213261604309082,server,1
2024-12-03 13:42:00,,INFO,Phone number 9988776655 was successfully added to the system.,Positive,0.5713627338409424,unknown,10
2024-12-03 13:49:00,,INFO,Phone number 9988776655 was successfully added to the system.,Positive,0.5713627338409424,unknown,10
2024-12-03 13:51:00,,ERROR,POST request to /admin/dashboard failed. Response code: 500 Internal Server Error. Error details: Missing authentication token.,Negative,0.7174092531204224,api,9
2024-12-03 13:52:00,,INFO,PUT request to /api/v1/users succeeded. Response code: 200 OK. Response size: 1.2MB.,Negative,0.24844957888126373,api,9
2024-12-03 13:53:00,,ERROR,Phone number 9876543210 could not be added due to a duplicate record conflict in the database.,Negative,0.47658878564834595,database,14
2024-12-03 13:57:00,,INFO,DELETE request to /healthcheck succeeded. Response code: 200 OK. Response size: 1.2MB.,Negative,0.44234031438827515,api,9
2024-12-03 14:03:00,,ERROR,Phone number 9876543210 could not be added due to a duplicate record conflict in the database.,Negative,0.47658878564834595,database,14
2024-12-03 14:06:00,,ERROR,Kubernetes pod crash detected. Pod ID: kube_pod12345.,Negative,0.5957059860229492,unknown,4
2024-12-03 14:16:00,,INFO,User user123@domain.org logged in from IP 192.168.0.189. Login duration: 10 minutes.,Negative,0.454888254404068,logging,16
2024-12-03 15:00:00,,INFO,Kubernetes pod scaled up successfully. New replicas: 5.,Positive,0.7399508357048035,unknown,12
2024-12-03 15:06:00,,INFO,Docker container started successfully for service Python. Container ID: abcd1234efgh5678.,Positive,0.45670321583747864,unknown,7
2024-12-03 15:07:00,,INFO,CPU usage is 30%. Threshold not exceeded. System operating normally.,Neutral,0.4213261604309082,server,1
2024-12-03 15:12:00,,INFO,Azure operation completed successfully. Processed 1500 records in 2.35 seconds.,Positive,0.7276560664176941,unknown,3
2024-12-03 15:13:00,,INFO,Lambda function executed successfully in AWS. Execution duration: 250ms.,Positive,0.5993630290031433,aws,8
2024-12-03 15:23:00,,ERROR,Docker container failed to start for service Python. Error log: Container crashed on startup.,Negative,0.7345687747001648,unknown,7
2024-12-03 15:29:00,,ERROR,POST request to /healthcheck failed. Response code: 500 Internal Server Error. Error details: Missing authentication token.,Negative,0.7338770627975464,api,9
2024-12-03 15:35:00,,INFO,PATCH request to /admin/dashboard succeeded. Response code: 200 OK. Response size: 1.2MB.,Neutral,0.2939448952674866,unknown,9
2024-12-03 15:36:00,,ERROR,Disk usage is critically high: 26%. Threshold exceeded on volume /dev/sda1.,Negative,0.43687885999679565,server,0
2024-12-03 15:41:00,,INFO,Python operation completed successfully. Processed 1500 records in 2.35 seconds.,Positive,0.7135714888572693,unknown,3
2024-12-03 15:50:00,,ERROR,Phone number 9123456789 could not be added due to a duplicate record conflict in the database.,Negative,0.4470262825489044,database,14
2024-12-03 15:53:00,,ERROR,Docker encountered an issue. Exception: NullPointerException in thread 'main'.,Negative,0.31865742802619934,unknown,11
2024-12-03 15:57:00,,ERROR,Failed to consume message from topic 'topic_transactions' using AWS. Error: TimeoutException after 30 seconds.,Negative,0.6713958978652954,kafka,13
2024-12-03 16:01:00,,INFO,Disk usage is 54%. Disk space within acceptable limits.,Negative,0.3261159062385559,server,2
2024-12-03 16:06:00,,ERROR,Kubernetes encountered an issue. Exception: NullPointerException in thread 'main'.,Neutral,0.2948133051395416,unknown,11
2024-12-03 16:09:00,,ERROR,PATCH request to /api/v1/users failed. Response code: 500 Internal Server Error. Error details: Missing authentication token.,Negative,0.700718104839325,api,9
2024-12-03 16:10:00,,INFO,PUT request to /healthcheck succeeded. Response code: 200 OK. Response size: 1.2MB.,Negative,0.2805105745792389,api,9
2024-12-03 17:00:00,,ERROR,Kafka encountered an issue. Exception: NullPointerException in thread 'main'.,Negative,0.31342869997024536,unknown,11
2024-12-03 17:08:00,,INFO,Task 'task_data_validation' in DAG 'dag_sales_pipeline' completed successfully in 45 seconds.,Positive,0.4948080778121948,airflow,6
2024-12-03 17:17:00,,INFO,User john.doe@example.com logged in from IP 192.168.0.167. Login duration: 10 minutes.,Negative,0.40924835205078125,logging,16
2024-12-03 17:18:00,,INFO,Docker container started successfully for service Docker. Container ID: abcd1234efgh5678.,Positive,0.5142744779586792,unknown,7
2024-12-03 17:20:00,,INFO,Java operation completed successfully. Processed 1500 records in 2.35 seconds.,Positive,0.7265459299087524,unknown,3
2024-12-03 17:24:00,,INFO,Lambda function executed successfully in AWS. Execution duration: 250ms.,Positive,0.5993630290031433,aws,8
2024-12-03 17:31:00,,ERROR,Disk usage is critically high: 64%. Threshold exceeded on volume /dev/sda1.,Negative,0.41661831736564636,server,0
2024-12-03 17:39:00,,ERROR,Phone number 9876543210 could not be added due to a duplicate record conflict in the database.,Negative,0.47658878564834595,database,14
2024-12-03 17:41:00,,ERROR,Task 'task_model_training' in DAG 'dag_user_sync' failed after 3 retries. Error: Data validation error in step 2.,Negative,0.4644771218299866,airflow,6
2024-12-03 17:49:00,,INFO,User alice.smith@test.com logged in from IP 192.168.0.255. Login duration: 10 minutes.,Negative,0.3162126839160919,logging,16
2024-12-03 17:59:00,,INFO,User john.doe@example.com logged in from IP 192.168.0.228. Login duration: 10 minutes.,Negative,0.3986305296421051,logging,16
2024-12-03 18:03:00,,ERROR,Lambda function execution failed in AWS. Error: Invalid parameters provided.,Negative,0.5555518865585327,aws,5
2024-12-03 18:12:00,,INFO,GET request to /api/v1/users succeeded. Response code: 200 OK. Response size: 1.2MB.,Neutral,0.2526327073574066,api,9
2024-12-03 18:20:00,,INFO,Lambda function executed successfully in AWS. Execution duration: 250ms.,Positive,0.5993630290031433,aws,8
2024-12-03 18:28:00,,INFO,Docker container started successfully for service Python. Container ID: abcd1234efgh5678.,Positive,0.45670321583747864,unknown,7
2024-12-03 18:37:00,,ERROR,CPU usage is critically high: 43%. Immediate action required.,Neutral,0.3337799906730652,server,15
2024-12-03 18:44:00,,INFO,Disk usage is 40%. Disk space within acceptable limits.,Negative,0.3483163118362427,server,2
2024-12-03 19:00:00,,INFO,Kubernetes pod scaled up successfully. New replicas: 5.,Positive,0.7399508357048035,unknown,12
2024-12-03 19:08:00,,INFO,Phone number 9123456789 was successfully added to the system.,Positive,0.5815085768699646,unknown,10
2024-12-03 19:15:00,,INFO,Disk usage is 21%. Disk space within acceptable limits.,Negative,0.3217131793498993,server,2
2024-12-03 19:22:00,,INFO,GET request to /healthcheck succeeded. Response code: 200 OK. Response size: 1.2MB.,Neutral,0.257419228553772,api,9
2024-12-03 19:27:00,,ERROR,PATCH request to /api/v2/transactions failed. Response code: 500 Internal Server Error. Error details: Missing authentication token.,Negative,0.6864984035491943,database,9
2024-12-03 19:37:00,,ERROR,Failed to consume message from topic 'topic_orders' using Airflow. Error: TimeoutException after 30 seconds.,Negative,0.7063082456588745,kafka,13
2024-12-03 19:38:00,,INFO,CPU usage is 39%. Threshold not exceeded. System operating normally.,Neutral,0.39906108379364014,server,1
2024-12-03 19:46:00,,ERROR,Failed to consume message from topic 'topic_orders' using Kafka. Error: TimeoutException after 30 seconds.,Negative,0.6855235695838928,kafka,13
2024-12-03 19:54:00,,ERROR,Lambda function execution failed in AWS. Error: Invalid parameters provided.,Negative,0.5555518865585327,aws,5
2024-12-03 19:55:00,,INFO,PATCH request to /admin/dashboard succeeded. Response code: 200 OK. Response size: 1.2MB.,Neutral,0.2939448952674866,unknown,9
2024-12-03 19:56:00,,INFO,AWS operation completed successfully. Processed 1500 records in 2.35 seconds.,Positive,0.7193358540534973,unknown,3
2024-12-03 20:00:00,,INFO,Docker container started successfully for service Python. Container ID: abcd1234efgh5678.,Positive,0.45670321583747864,unknown,7
2024-12-03 20:02:00,,INFO,Published message to topic 'topic_events' using Kubernetes. Message delivery confirmed after 10 retries.,Negative,0.33736705780029297,kafka,13
2024-12-03 20:05:00,,ERROR,Failed to consume message from topic 'topic_users' using Airflow. Error: TimeoutException after 30 seconds.,Negative,0.708428144454956,kafka,13
2024-12-03 20:07:00,,INFO,Published message to topic 'topic_events' using Docker. Message delivery confirmed after 10 retries.,Negative,0.33461204171180725,kafka,13
2024-12-03 20:08:00,,INFO,POST request to /api/v1/users succeeded. Response code: 200 OK. Response size: 1.2MB.,Neutral,0.25602102279663086,api,9
2024-12-03 20:10:00,,INFO,Published message to topic 'topic_transactions' using Kubernetes. Message delivery confirmed after 10 retries.,Negative,0.3407844007015228,kafka,13
2024-12-03 21:00:00,,INFO,CPU usage is 49%. Threshold not exceeded. System operating normally.,Neutral,0.3804881274700165,server,1
2024-12-03 21:05:00,,INFO,PUT request to /admin/dashboard succeeded. Response code: 200 OK. Response size: 1.2MB.,Neutral,0.2565564215183258,api,9
2024-12-03 21:13:00,,ERROR,PATCH request to /api/v1/orders failed. Response code: 500 Internal Server Error. Error details: Missing authentication token.,Negative,0.6931935548782349,api,9
2024-12-03 21:14:00,,INFO,Kubernetes pod scaled up successfully. New replicas: 5.,Positive,0.7399508357048035,unknown,12
2024-12-03 21:18:00,,INFO,Kubernetes pod scaled up successfully. New replicas: 5.,Positive,0.7399508357048035,unknown,12
2024-12-03 21:25:00,,ERROR,Task 'task_api_sync' in DAG 'dag_data_ingestion' failed after 3 retries. Error: Data validation error in step 2.,Negative,0.4974234104156494,airflow,6
2024-12-03 21:33:00,,INFO,PUT request to /api/v1/users succeeded. Response code: 200 OK. Response size: 1.2MB.,Negative,0.24844957888126373,api,9
2024-12-03 21:38:00,,INFO,Published message to topic 'topic_transactions' using Kubernetes. Message delivery confirmed after 10 retries.,Negative,0.3407844007015228,kafka,13
2024-12-03 21:47:00,,INFO,Kubernetes pod scaled up successfully. New replicas: 5.,Positive,0.7399508357048035,unknown,12
2024-12-03 21:53:00,,INFO,Phone number 9123456789 was successfully added to the system.,Positive,0.5815085768699646,unknown,10
2024-12-03 22:02:00,,INFO,Disk usage is 63%. Disk space within acceptable limits.,Negative,0.3309648633003235,server,2
2024-12-03 22:05:00,,INFO,Phone number 9988776655 was successfully added to the system.,Positive,0.5713627338409424,unknown,10
2024-12-03 22:06:00,,INFO,Lambda function executed successfully in AWS. Execution duration: 250ms.,Positive,0.5993630290031433,aws,8
2024-12-03 22:10:00,,INFO,Kubernetes pod scaled up successfully. New replicas: 5.,Positive,0.7399508357048035,unknown,12
2024-12-03 22:18:00,,ERROR,Disk usage is critically high: 41%. Threshold exceeded on volume /dev/sda1.,Negative,0.41505834460258484,server,0
2024-12-03 22:21:00,,INFO,CPU usage is 23%. Threshold not exceeded. System operating normally.,Neutral,0.41435790061950684,server,1
2024-12-03 22:28:00,,INFO,Task 'task_api_sync' in DAG 'dag_data_ingestion' completed successfully in 45 seconds.,Positive,0.42206525802612305,airflow,6
