timestamp,host,level,message,Sentiment,Confidence
2024-11-19 11:00:00,,INFO,Docker container started successfully for service AWS. Container ID: abcd1234efgh5678.,Positive,0.5011991858482361
2024-11-19 11:07:00,,INFO,CPU usage is 11%. Threshold not exceeded. System operating normally.,Neutral,0.4230278432369232
2024-11-19 11:17:00,,INFO,Disk usage is 64%. Disk space within acceptable limits.,Negative,0.3375967741012573
2024-11-19 11:24:00,,INFO,Kubernetes operation completed successfully. Processed 1500 records in 2.35 seconds.,Positive,0.722551703453064
2024-11-19 11:30:00,,INFO,PATCH request to /api/v1/users succeeded. Response code: 200 OK. Response size: 1.2MB.,Negative,0.26839643716812134
2024-11-19 11:40:00,,INFO,Java operation completed successfully. Processed 1500 records in 2.35 seconds.,Positive,0.7265459299087524
2024-11-19 11:41:00,,ERROR,Phone number 9988776655 could not be added due to a duplicate record conflict in the database.,Negative,0.45775938034057617
2024-11-19 12:00:00,,INFO,Task 'task_api_sync' in DAG 'dag_data_ingestion' completed successfully in 45 seconds.,Positive,0.42206525802612305
2024-11-19 12:05:00,,ERROR,Failed to consume message from topic 'topic_orders' using Azure. Error: TimeoutException after 30 seconds.,Negative,0.7150247693061829
2024-11-19 12:07:00,,INFO,Published message to topic 'topic_orders' using Kafka. Message delivery confirmed after 10 retries.,Negative,0.44080066680908203
2024-11-19 12:13:00,,INFO,CPU usage is 67%. Threshold not exceeded. System operating normally.,Neutral,0.4209883213043213
2024-11-19 12:18:00,,ERROR,Task 'task_model_training' in DAG 'dag_sales_pipeline' failed after 3 retries. Error: Data validation error in step 2.,Negative,0.4804422855377197
2024-11-19 12:25:00,,INFO,Kubernetes pod scaled up successfully. New replicas: 5.,Positive,0.7399508357048035
2024-11-19 12:33:00,,ERROR,Failed to consume message from topic 'topic_transactions' using Azure. Error: TimeoutException after 30 seconds.,Negative,0.7008960843086243
2024-11-19 13:00:00,,INFO,Published message to topic 'topic_transactions' using Kubernetes. Message delivery confirmed after 10 retries.,Negative,0.3407844007015228
2024-11-19 13:09:00,,INFO,Task 'task_model_training' in DAG 'dag_data_ingestion' completed successfully in 45 seconds.,Positive,0.4566805958747864
2024-11-19 13:12:00,,ERROR,Task 'task_etl' in DAG 'dag_user_sync' failed after 3 retries. Error: Data validation error in step 2.,Negative,0.5247730016708374
2024-11-19 13:22:00,,INFO,Disk usage is 34%. Disk space within acceptable limits.,Negative,0.33945637941360474
2024-11-19 13:23:00,,INFO,AWS operation completed successfully. Processed 1500 records in 2.35 seconds.,Positive,0.7193358540534973
2024-11-19 13:24:00,,INFO,CPU usage is 75%. Threshold not exceeded. System operating normally.,Neutral,0.42625677585601807
2024-11-19 13:30:00,,INFO,Kubernetes pod scaled up successfully. New replicas: 5.,Positive,0.7399508357048035
2024-11-19 14:00:00,,INFO,Docker container started successfully for service Kubernetes. Container ID: abcd1234efgh5678.,Positive,0.5086477398872375
2024-11-19 14:03:00,,INFO,CPU usage is 80%. Threshold not exceeded. System operating normally.,Neutral,0.41695281863212585
2024-11-19 14:04:00,,INFO,Lambda function executed successfully in AWS. Execution duration: 250ms.,Positive,0.5993630290031433
2024-11-19 14:10:00,,ERROR,Docker container failed to start for service Docker. Error log: Container crashed on startup.,Negative,0.7398056983947754
2024-11-19 14:12:00,,INFO,Azure operation completed successfully. Processed 1500 records in 2.35 seconds.,Positive,0.7276560664176941
2024-11-19 14:22:00,,INFO,Kubernetes pod scaled up successfully. New replicas: 5.,Positive,0.7399508357048035
2024-11-19 14:28:00,,INFO,PATCH request to /api/v1/users succeeded. Response code: 200 OK. Response size: 1.2MB.,Negative,0.26839643716812134
2024-11-19 15:00:00,,ERROR,Failed to consume message from topic 'topic_orders' using Docker. Error: TimeoutException after 30 seconds.,Negative,0.7010474801063538
2024-11-19 15:10:00,,INFO,Task 'task_model_training' in DAG 'dag_user_sync' completed successfully in 45 seconds.,Positive,0.49825912714004517
2024-11-19 15:14:00,,INFO,Phone number 9876543210 was successfully added to the system.,Positive,0.6177729368209839
2024-11-19 15:23:00,,INFO,Disk usage is 51%. Disk space within acceptable limits.,Negative,0.3209311068058014
2024-11-19 15:32:00,,INFO,Disk usage is 65%. Disk space within acceptable limits.,Negative,0.31600239872932434
2024-11-19 15:41:00,,ERROR,CPU usage is critically high: 52%. Immediate action required.,Neutral,0.33322465419769287
2024-11-19 15:42:00,,INFO,CPU usage is 13%. Threshold not exceeded. System operating normally.,Neutral,0.41233089566230774
2024-11-19 16:00:00,,INFO,User alice.smith@test.com logged in from IP 192.168.0.192. Login duration: 10 minutes.,Negative,0.3239612877368927
2024-11-19 16:09:00,,INFO,Task 'task_data_validation' in DAG 'dag_user_sync' completed successfully in 45 seconds.,Positive,0.474467933177948
2024-11-19 16:11:00,,ERROR,Lambda function execution failed in AWS. Error: Invalid parameters provided.,Negative,0.5555518865585327
2024-11-19 16:12:00,,ERROR,Docker container failed to start for service Java. Error log: Container crashed on startup.,Negative,0.7422016263008118
2024-11-19 16:20:00,,INFO,Phone number 9123456789 was successfully added to the system.,Positive,0.5815085768699646
2024-11-19 16:26:00,,INFO,Airflow operation completed successfully. Processed 1500 records in 2.35 seconds.,Positive,0.7164776921272278
2024-11-19 16:32:00,,ERROR,Phone number 9988776655 could not be added due to a duplicate record conflict in the database.,Negative,0.45775938034057617
2024-11-19 17:00:00,,INFO,Disk usage is 87%. Disk space within acceptable limits.,Negative,0.35858154296875
2024-11-19 17:10:00,,ERROR,Lambda function execution failed in AWS. Error: Invalid parameters provided.,Negative,0.5555518865585327
2024-11-19 17:11:00,,INFO,Published message to topic 'topic_transactions' using Docker. Message delivery confirmed after 10 retries.,Negative,0.3472083806991577
2024-11-19 17:15:00,,INFO,Phone number 9123456789 was successfully added to the system.,Positive,0.5815085768699646
2024-11-19 17:19:00,,ERROR,PATCH request to /healthcheck failed. Response code: 500 Internal Server Error. Error details: Missing authentication token.,Negative,0.7201058268547058
2024-11-19 17:26:00,,INFO,Task 'task_data_validation' in DAG 'dag_sales_pipeline' completed successfully in 45 seconds.,Positive,0.4948080778121948
2024-11-19 17:34:00,,ERROR,Docker container failed to start for service Java. Error log: Container crashed on startup.,Negative,0.7422016263008118
